xml_num,organization,tax_year,form,address,city,website,ein,start_yr,mission,principal_officer,employee_count,volunteer_count,PY_total_revenue,PY_total_expenses,PY_net,CY_total_revenue,CY_total_expenses,CY_net,CY_total_EOY_assets,CY_total_EOY_liabilities,CY_fund_balance,CY_total_salaries,CY_grants_contributions,CY_program_service_rev
8,BIRDS OF VERMONT MUSEUM INC,2018,990,900 SHERMAN HOLLOW RD,HUNTINGTON,BIRDSOFVERMONT.ORG,030277302,1981,MUSEUM OF NATIVE VT BIRDS,BILL MAYVILLE,NA,NA,611504,166787,444717,166207,166787,-13528,836870,2079,834791,88878,122217,37556
12,NA,NA,NA,NA,NA,NA,030375511,NA,NA,NA,NA,NA,NA,NA,NA,NA,NA,NA,NA,NA,NA,NA,NA,NA
15,Burlington City Arts Foundation Inc,2018,990,135 Church Street,Burlington,www.burlingtoncityartsfoundation.org,030354963,1998,"To support Burlington City Arts' activities and programs, and to support Vermont artists.",Fran Stoddard,NA,15,904980,608417,296563,344856,608417,-230555,526228,NA,526228,NA,344705,NA
18,THE CARVING STUDIO &amp; SCULPTURE CENTER,2019,990,PO BOX 495,WEST RUTLAND,N/A,030325486,NA,"PROMOTES ART OF SCUPLTURE USING MEDIUMS OF STONE &amp; WOOD; PROVIDES EDUCATIONAL CLASSES, WORKSHOPS AND WORKSPACE",NA,NA,45,358095,383306,-25211,436474,383306,32069,654014,11548,642466,110139,297650,125333
22,THE COMMONS GROUP LTD,2019,990EZ,609 COMMON ROAD,WAITSFIELD,N/A,030364576,NA,NA,NA,NA,NA,NA,NA,NA,NA,NA,NA,NA,NA,3412,NA,NA,NA
23,COMMUNITY ENGAGEMENT LAB INC,2019,990,41 SUMMER STREET,MONTPELIER,WWW.CELVT.ORG,453868526,2011,TO BRING PEOPLE OF ALL AGES TOGETHER IN PROJECTS THAT ACTIVATE THEIR CREATIVITY TO IMAGINE AND BUILD MORE THRIVING COMMUNITIES.,PAUL GAMBILL,NA,20,294295,268961,25334,321232,268961,29362,207639,179122,28517,187995,311803,9420
27,CRAFTSBURY CHAMBER PLAYERS INC,2018,990EZ,252 COLLEGE STREET,BURLINGTON,WWW.CRAFTSBURYCHAMBERPLAYERS.ORG,036013080,NA,NA,NA,NA,NA,NA,NA,NA,NA,NA,NA,NA,NA,189179,NA,NA,NA
28,DANVILLE VERMONT HISTORICAL SOCIETY INC,2019,990,PO BOX 274,DANVILLE,DANVILLEVTHISTORICAL.ORG,352274186,1960,NA,PATRICIA CONLY,NA,NA,53744,47793,5951,51873,47793,-2317,1524823,NA,NA,22431,26188,25
35,FLYNN CENTER FOR THE PERFORMING,2018,990,153 MAIN STREET,BURLINGTON,WWW.FLYNNCENTER.ORG,030277052,1980,NA,INGRID PELS,307,535,9107722,7267117,1840605,8027465,7267117,629688,23557034,1571919,21985115,3401330,2837255,4037843
36,FRANKLIN GRAND ISLE WORKFORCE INVESTMENT,2018,990EZ,PO BOX 1099,ST ALBANS,N/A,043391815,NA,NA,NA,NA,NA,NA,NA,NA,NA,NA,NA,NA,NA,25140,NA,NA,NA
37,FRIENDS OF HARWOOD HOCKEY,2018,990EZ,PO BOX 92,WATERBURY,harwoodhockey.org,030282456,NA,NA,NA,NA,NA,NA,NA,NA,NA,NA,NA,NA,NA,98682,NA,NA,NA
40,Friends of the Vergennes Opera House Inc,2018,990EZ,PO Box 88,Vergennes,www.vergennesoperahouse.org,030341456,NA,NA,NA,NA,NA,NA,NA,NA,NA,NA,NA,NA,NA,172658,NA,NA,NA
44,GREEN MOUNTAIN PERFORMING ARTS INC,2018,990EZ,37 COMMERCIAL DRIVE,WATERBURY,WWW.GREENMOUNTAINPERFORMINGARTS.ORG,453569082,NA,NA,NA,NA,NA,NA,NA,NA,NA,NA,NA,NA,NA,55690,NA,NA,NA
47,Habitat4Music Inc,2015,990EZ,C/O Victoria Eisen Dine Swensen 102,Pearl River,NA,453356188,NA,NA,NA,NA,NA,NA,NA,NA,NA,NA,NA,NA,NA,-17830,NA,NA,NA
55,JAG PRODUCTIONS COMPANY,2019,990,PO BOX 354,WHITE RIVER JUNCTION,JAGPRODUCTIONSVT.COM,810933084,2019,"TO PRODUCE CLASSIC AND CONTEMPORARY AFRICAN-AMERICAN THEATRE; TO SERVE AS AN INCUBATOR OF NEW WORK THAT EXCITES BROAD INTELLECTUAL ENGAGEMENT; AND THEREBY, TO CATALYZE COMPASSION, EMPATHY, LOVE, AND COMMUNITY THROUGH SHARED UNDERSTANDINGS OF THE HUMANKIND THROUGH THE LENS OF THE AFRICAN-AMERICAN EXPERIENCE.",NANCY GRANT,NA,NA,NA,NA,NA,319329,NA,20465,74770,54305,20465,66224,257084,61187
58,Lake Champlain Chamber Music Festival Inc,2018,990,20 Winooski Falls Way,Winooski,lccmf.org,262757906,2008,NA,Jody Woos,NA,15,424954,358554,66400,808603,358554,484531,728992,1904,727088,81068,744651,46761
59,Lake Champlain Maritime Museum at Basin Harbor Inc,2019,990,4472 Basin Harbor Road,Vergennes,www.lcmm.org,222570380,1980,"The mission of the Lake Champlain Maritime Museum is to preserve and share the cultural and natural heritage of the Lake Champlain region by connecting its past, present and future through groundbreaking research and engaging educational programs for all ages, inspiring stewardship of the lake for future generations.",Susan McClure,49,75,1197658,1228263,-30605,1439510,1228263,-94681,5080278,331280,4748998,942482,833414,461044
60,LATCHIS ARTS INC,2018,990,50 MAIN STREET,BRATTLEBORO,WWW.LATCHIS.ORG,030231573,1997,"RENOVATIONS OF LATCHIS THEATRE IN BRATTLEBORO, VERMONT",NA,NA,26,88364,129192,-40828,117994,129192,5309,1364662,232683,1131979,7054,56994,54694
64,MAIN STREET ARTS,2019,990,PO BOX 100,SAXTONS RIVER,WWW.MAINSTRETARTS.ORG,222888176,1988,"MAIN STREET ARTS IS A CATALYST FOR ARTS AND COMMUNITY, FOSTERING CREATIVE EXPRESSION THROUGH ARTISTIC EXPERIENCES, ACCESSIBLE FOR ALL.",GINA COTE,NA,NA,253928,278366,-24438,324827,278366,9777,1441043,116750,1324293,110562,128572,166543
66,MNFF INC,2018,990EZ,23 CATAMOUNT DRIVE,LEICESTER,WWW.MIDDFILMFEST.ORG,471462141,NA,NA,NA,NA,NA,NA,NA,NA,NA,NA,NA,NA,NA,15011,NA,NA,NA
71,NORTH HERO HISTORICAL SOCIETY INC,2019,990,PO BOX 175,NORTH HERO,WWW.NORTHHEROHISTORICALSOCIETY.COM,050468580,1997,"TO STIMULATE APPRECIATION OF THE HISTORICAL HERITAGE OF THE TOWN OF NORTH HERO, VT. THE SOCIETY OPERATES A HISTORICAL MUSEUM AND A COMMUNITY HALL USED FOR CULTURAL/ POLITICAL EVENTS AND COMMUNITY DINNERS.",EILEEN MITCHELL,NA,NA,41567,53031,-11464,44264,53031,-10047,1245556,2688,1242868,NA,26722,NA
74,NORTHERN FOREST CANOE TRAIL INC,2018,990,PO BOX 565,WAITSFIELD,www.northernforestcanoetrail.org,030363813,1999,"THE NORTHERN FOREST CANOE TRAIL IS A 740 MILE INLAND PADDLING TRAIL ACROSS NY, VT, QUEBEC, NH AND ME. NFCT PROMOTES AND PROVIDES ACCESS TO CANOE AND KAYAK EXPERIENCES ALONG THIS ROUTE.",W DONALD HUDSON,NA,75,323308,262407,60901,261135,262407,-2557,38447,4043,34404,152051,220848,23812
75,NORTHWEST PEG-TV INC,2019,990,616 FRANKLIN PARK WEST,SAINT ALBANS,WWW.NORTHWESTACCESS.TV,030363333,1999,"PROVIDE COMMUNITY ACCESS TELEVISION SERVICES TO THE RESIDENTS, MUNICIPALITIES, NON-PROFITS ORGANIZATIONS AND SCHOOLS OF HIGHGATE, ST. ALBANS, SHELDON AND SWANTON VERMONT",NA,16,100,418131,346843,71288,434541,346843,22486,1953302,651555,1301747,203358,402246,25639
78,OPERA COMPANY OF MIDDLEBURY,2018,990,PO BOX 803,MIDDLEBURY,WWW.OCMVERMONT.ORG,201993530,2004,PRODUCE AND PERFORM LIVE OPERA FOR ADDISON COUNTY,JAMES MALCOLM,NA,20,186256,179398,6858,204435,179398,-30958,25536,5716,19820,NA,119774,83988
79,NA,2018,NA,NA,WESTFORD,WWW.POOREFARM.ORG,NA,NA,NA,NA,NA,NA,NA,NA,NA,NA,NA,NA,NA,NA,131116,NA,NA,NA
82,Regional Educational Television Network,2019,990,PO Box 4494,Burlington,www.retn.org,030343285,1994,Regional Educational Technology Network - RETN - makes media and technology accessible for all students and lifelong learners to advance education and civic engagement.,Jess Wilson,21,NA,738425,745813,-7388,700283,745813,-591,1027488,117005,910483,401415,1968,691907
85,Rokeby Museum,2019,990,4334 Route 7,Ferrisburgh,N/A,036011083,1961,"Museum that provides community education through tours, programs, and historical data on the Robinson family property.",Catherine Brooks,NA,23,94314,161783,-67469,109832,161783,-38488,1699892,1433,1698459,45813,72236,28097
91,THE STROLLING OF THE HEIFERS INC,2019,990,PO BOX 693,BRATTLEBORO,www.strollingoftheheifers.com,020638820,2002,"THE MISSION IS REALLY ABOUT MARKETING AND EDUCATION OF SUSTAINABLE AGRICULTURE, TEACHING PEOPLE WHERE THEIR FOOD COMES FROM, THE IMPORTANCE OF SUPPORTING YOUR LOCAL GROWERS. EXPLORE WAYS TO BUILD A HEALTHY THRIVING ECONOMY WHILE ENCOURAGING, MENTORING AND SUPPORTING A NEW GENERATION OF CITIZENS.",JACK DAVIDSON,NA,NA,611516,631318,-19802,603398,631318,1523,956399,393719,562680,394407,543199,21320
93,Sustainability Institute Inc,2018,990,PO Box 4593,Burlington,www.academyforchange.org,020492913,1996,NA,Ginger Duiven,NA,30,877431,926965,-49534,993524,926965,-213889,1097750,NA,NA,323429,155762,765164
95,SWORD &amp; SPOON WORKSHOP INC,2018,990,73 CENTRAL STREET,WOODSTOCK,WWW.OQFARM.ORG,810936224,2015,NA,JOHN KINGSTON III,NA,NA,593340,1669706,-1076366,795535,1669706,-309715,3703938,3991876,NA,162732,75129,570145
100,NA,NA,NA,NA,NA,NA,030367250,NA,NA,NA,NA,NA,NA,NA,NA,NA,NA,NA,NA,NA,NA,NA,NA,NA
101,Upper Valley Arts,2019,990EZ,P O Box 322,Norwich,www.uppervalleyarts.org,030353910,NA,NA,NA,NA,NA,NA,NA,NA,NA,NA,NA,NA,NA,2716,NA,NA,NA
102,VALLEY ARTS VT,2019,990EZ,PO BOX 238,WAITSFIELD,WWW.VALLEYARTSVT.COM,203964320,NA,NA,NA,NA,NA,NA,NA,NA,NA,NA,NA,NA,NA,7926,NA,NA,NA
108,NA,NA,NA,NA,NA,NA,262856631,NA,NA,NA,NA,NA,NA,NA,NA,NA,NA,NA,NA,NA,NA,NA,NA,NA
111,Vermont Independent Media Inc,2018,990,139 Main Street,Brattleboro,NA,202140604,2005,"Promotion of public media literacy and local, citizen-driven media.",Barry Aleshnick,12,NA,477586,496518,-18932,457722,496518,-24475,NA,99894,-99894,239567,81839,372497
114,NA,NA,NA,NA,NA,NA,050582511,NA,NA,NA,NA,NA,NA,NA,NA,NA,NA,NA,NA,NA,NA,NA,NA,NA
120,THE WESTON PLAYHOUSE THEATER,2019,990,703 MAIN STREET,WESTON,WWW.WESTONPLAYHOUSE.ORG,222970343,1988,NA,AUDREY WENT,178,207,3569934,3306751,263183,2977942,3306751,183766,10993014,961356,10031658,1311577,1898303,926468
121,WILL MILLER SOCIAL JUSTICE LECTURE SERIES INC,2019,990EZ,C/O ANN LIPSITT 4 PARK AVENUE,ESSEX JUNCTION,www.willmiller.org,251913059,NA,NA,NA,NA,NA,NA,NA,NA,NA,NA,NA,NA,NA,28985,NA,NA,NA
125,THE AMERICAN MUSEUM OF FLY FISHING INC,2019,990,PO BOX 42,MANCHESTER,WWW.AMFF.ORG,030220781,1968,NA,SARAH FOSTER,10,21,679184,670041,9143,750274,670041,81465,2862161,24043,2838118,350413,511161,33001
126,AMERICAN PRECISION MUSEUM INC,2018,990,PO BOX 679,WINDSOR,WWW.AMERICANPRECISION.ORG,030218096,1966,NA,WILLIAM R LYNN,14,16,645973,480575,165398,839587,480575,326929,2225013,12986,NA,295082,728972,57456
127,AMITY ART FOUNDATION INC,2018,990PF,PO BOX 360,LUDLOW,NA,061591446,NA,NA,NA,NA,NA,NA,NA,NA,NA,NA,NA,NA,NA,NA,NA,NA,NA
131,BALLET WOLCOTT INC,2017,990EZ,PO BOX 151,WOLCOTT,N/A,820828593,NA,NA,NA,NA,NA,NA,NA,NA,NA,NA,NA,NA,NA,700,NA,NA,NA
134,BELLWETHER PROJECTS INC,2019,990EZ,73 MOODY ROAD,TUNBRIDGE,N/A,753162675,NA,NA,NA,NA,NA,NA,NA,NA,NA,NA,NA,NA,NA,91,NA,NA,NA
135,NA,2013,990EZ,NA,NA,N/A,461617201,NA,NA,NA,NA,NA,NA,NA,NA,NA,NA,NA,NA,NA,1561,NA,NA,NA
138,BRATTLEBORO COMMUNITY TELEVISION INC,2019,990,230 MAIN STREET,BRATTLEBORO,NA,030322134,1988,"Brattleboro Community Television, Inc. (BCTV) is a community media center serving eight towns in southern Windham County, Vermont. OUR MISSION - To promote civic engagement and transparency, and to empower community members to share their knowledge, views and creativity, WITHOUT PREDJUDICE. WHAT WE DO - As the one and only television outlet for the area, BCTV covers municipal government meetings, educational matters, and documents local events and activities. BCTV also provides equipment and training that allows community members to create content, reaching viewers on cable channels 8 and 10 on Southern Vermont Cable, and cable channels 1075 and 1085 on Comcast, and at brattleborotv.org.",CHRISTOPHER LENOIS,12,45,331203,304755,26448,378876,304755,55774,523522,46154,477368,244547,23175,354416
139,BRATTLEBORO MUSEUM &amp; ART CENTER INC,2018,990,10 VERNON STREET,BRATTLEBORO,www.brattleboromuseum.org,036016116,1972,"The Brattleboro Museum &amp; Art Center is a nonprofit organization founded in 1972, with a mission to illuminate art and ideas in ways that inspire, inform, and connect people from all walks of life.",DAN YATES,25,100,1794558,650097,1144461,1220027,650097,401899,3632002,622869,3009133,318789,1091031,37244
140,BROOKFIELD COMMUNITY PARTNERSHIP,2018,990EZ,PO BOX 452,BROOKFIELD,N/A,562317294,NA,NA,NA,NA,NA,NA,NA,NA,NA,NA,NA,NA,NA,304228,NA,NA,NA
141,BURLINGTON AMATEUR HOCKEY ASSOC,2017,990EZ,PO BOX 3064,BURLINGTON,WWW.BAHABOBCATS.COM,030223589,NA,NA,NA,NA,NA,NA,NA,NA,NA,NA,NA,NA,NA,52088,NA,NA,NA
146,CAPITAL CITY CONCERTS,2018,990EZ,PO BOX 622,MONTPELIER,WWW.CAPITALCITYCONCERTS.ORG,030371755,NA,NA,NA,NA,NA,NA,NA,NA,NA,NA,NA,NA,NA,50040,NA,NA,NA
148,Catamount Film &amp; Arts Company,2018,990,115 Eastern Avenue PO Box 324,Saint Johnsbury,www.catamountarts.org,030276780,1975,"The Mission of Catamount Film &amp; Arts is to inspire appreciation of and participation in the arts, promote the arts throughout the region, and cultivate the arts as an integral part of community life in rural Vermont and New Hampsire.",Jody Fried,26,50,1219077,1414791,-195714,1505324,1414791,-82319,1403996,1006494,397502,505292,634519,407128
150,Clio Visualizing History Incorporated,2018,990PF,PO Box 261,Shelburne,NA,030355660,NA,NA,NA,NA,NA,NA,NA,NA,NA,NA,NA,11136,NA,NA,NA,NA,NA
152,Cold Hollow Sculpture Park Inc,2018,990PF,1806 Linscomb Avenue,Austin,NA,824627637,NA,NA,NA,NA,NA,NA,NA,NA,NA,NA,NA,866,NA,NA,NA,NA,NA
153,NA,2014,NA,2923 Mines Rd,Lowell,www.northeastheritagemusiccamp.com,NA,NA,NA,NA,NA,NA,NA,NA,NA,NA,NA,NA,NA,NA,15388,NA,NA,NA
155,DEERFIELD HERITAGE INC,2015,990,PO BOX 1280 MAIN STREET,BRATTLEBORO,N/A,208087235,1952,"DEERFIELD HERITAGE, INC. WILL CONDUCT PUBLIC FUNDRAISING ACTIVITIES, INCLUDING BUT NOT LIMITED TO, OPERATING A CHARITABLE GIFT ANNUITY PROGRAM, AND OTHER ACTIVITIES SOLELY FOR THE BENEFIT OF AND IN SUPPORT OF HISTORIC DEERFIELD, INC. OF DEERFIELD, MASSACHUSETTS.",PHILLIP ZEA,NA,NA,12485,7359,5126,113581,7359,103834,NA,NA,NA,NA,NA,NA
156,THE DORSET PLAYERS INC,2018,990EZ,PO BOX 521,DORSET,N/A,510166758,NA,NA,NA,NA,NA,NA,NA,NA,NA,NA,NA,NA,NA,214045,NA,NA,NA
159,NA,2013,990,NA,NA,FIBERARTSINVERMONT.ORG,542110589,2002,THE PROMOTION OF FIBER ARTS IN THE COMMUNITY.,SUZANNE LAWLER,NA,12,25837,23891,1946,22021,23891,-2536,54668,7562,47106,NA,1162,1974
161,THE FOURTH CORNER FOUNDATION INC,2015,990PF,578 HITCHCOCK HILL ROAD,WINDHAM,NA,141799997,NA,NA,NA,NA,NA,NA,NA,NA,NA,NA,NA,770852,NA,NA,NA,NA,NA
162,FRIENDS OF HILDENE INC,2019,990,PO BOX 377,MANCHESTER,www.hildene.org,510201160,1978,NA,NA,93,100,4506588,2700157,1806431,2760247,2700157,-40779,13408568,511427,12897141,1557620,1843208,815025
163,NA,2019,NA,NA,Strafford,www.morrillhomestead.org,NA,NA,NA,NA,NA,NA,NA,NA,NA,NA,NA,NA,NA,NA,108720,NA,NA,NA
166,NA,2013,NA,NA,NA,NA,NA,NA,NA,NA,NA,NA,NA,NA,NA,NA,NA,NA,NA,NA,6898,NA,NA,NA
169,NA,2017,NA,NA,Grand Isle,NA,NA,NA,NA,NA,NA,NA,NA,NA,NA,NA,NA,NA,NA,NA,57729,NA,NA,NA
175,THE HATCH INC,2018,990EZ,PO BOX 1526,Brattleboro,hatchspace.org,462309129,NA,NA,NA,NA,NA,NA,NA,NA,NA,NA,NA,NA,NA,67284,NA,NA,NA
178,LAKE CHAMPLAIN ACCESS TV,2019,990,63 CREEK FARM PLAZA SUITE 3,COLCHESTER,WWW.LCATV.ORG,030340350,1993,PUBLIC EDUCATION AND GOVERNMENT ACCESS TV,RICHARD PECOR,15,NA,644182,668626,-24444,663084,668626,71710,865004,1628,863376,366632,1370,626410
179,THE LANDMARK TRUST USA INC,2019,990,707 KIPLING RD,DUMMERSTON,LANDMARKTRUSTUSA.ORG,030331485,1991,"TO PRESERVE HISTORIC PROPERTIES THROUGH CREATIVE, SUSTAINABLE USES FOR PUBLIC ENJOYMENT &amp; EDUCATION",TROY RESCH,10,NA,261439,318043,-56604,396308,318043,45558,3313394,145187,3168207,109848,171592,224159
187,NORTHERN NEW ENGLAND SCHOOL OF BANKING,2019,990EZ,PO BOX 587,MONTPELIER,N/A,010477533,NA,NA,NA,NA,NA,NA,NA,NA,NA,NA,NA,NA,NA,95428,NA,NA,NA
190,PARTNERSHIPS FOR LITERACY AND LEARNING,2019,990,250 MAIN STREET,MONTPELIER,WWW.PLLVT.ORG,814001184,2016,"THE ORGANIZATION HELPS SCHOOLS GET BETTER AT DEVELOPING STUDENTS' LITERATE ABILITIES SO THAT THEY CAN THINK WELL AND ENJOY FUTURE SUCESS IN SCHOOL, WORK, AND CIVIC PARTICIPATION. THIS IS ACCOMPLISHED BY PROVIDING PROFESSIONAL LEARNING THAT IMRPOVES TEACHING, STRENGTHENS LEADERSHIP, AND CREATES PARTNERSHIPS AND NETWORKS.",MARY GRACE,NA,NA,368621,369654,-1033,373576,369654,-32501,134881,70774,64107,262164,35447,336175
191,PENTANGLE COUNCIL ON THE ARTS,2019,990,31 THE GREEN,WOODSTOCK,WWW.PENTANGLEARTS.ORG,030237947,1975,"DEDICATED TO PROVIDING HIGH QUALITY, AFFORADABLE ARTS PROGRAMMING, INCLUDING MOVIES, THEATER, YOUTH ENRICHMENT AND CONCERTS.",SUSAN BOSTON,39,120,375141,361988,13153,477178,361988,103753,278197,47803,230394,122968,306266,136719
194,PRESERVATION BURLINGTON INC,2019,990EZ,PO BOX 481 462 SOUTH WILLARD ST,BURLINGTON,WWW.PRESERVATIONBURLINGTON.ORG,030357357,NA,NA,NA,NA,NA,NA,NA,NA,NA,NA,NA,NA,NA,41812,NA,NA,NA
196,ROCKINGHAM ARTS AND MUSEUM PROJECT,2018,990EZ,7 CANAL STREET,BELLOWS FALLS,WWW.RAMP-VT.ORG,030368205,NA,NA,NA,NA,NA,NA,NA,NA,NA,NA,NA,NA,NA,5785,NA,NA,NA
201,Sheldon Art Museum Archaeological and Historical Society Inc,2019,990,1 Park Street,Middlebury,N/A,030190481,1882,NA,William F Brooks,11,150,67034,70622,-3588,299950,70622,-53784,1812562,NA,NA,152669,147538,137754
205,NA,NA,NA,NA,NA,NA,861171862,NA,NA,NA,NA,NA,NA,NA,NA,NA,NA,NA,NA,NA,NA,NA,NA,NA
211,STOCKBRIDGE MEETING HOUSE SOCIETY INC,2014,990EZ,PO BOX 8,STOCKBRIDGE,N/A,010771700,NA,NA,NA,NA,NA,NA,NA,NA,NA,NA,NA,NA,NA,382092,NA,NA,NA
213,STOWE PERFORMING ARTS INC,2015,990EZ,PO BOX 3283,STOWE,WWW.STOWEPERFORMINGARTS.COM,030261081,NA,NA,NA,NA,NA,NA,NA,NA,NA,NA,NA,NA,NA,36687,NA,NA,NA
214,STOWE PLAYHOUSE INC,2018,990EZ,PO BOX 1381,STOWE,N/A,222777161,NA,NA,NA,NA,NA,NA,NA,NA,NA,NA,NA,NA,NA,42107,NA,NA,NA
215,STRATTON MOUNTAIN &amp; VALLEY COMMUNITY,2018,990,PO BOX 523,STRATTON MOUNTAIN,N/A,043343551,1996,"THE ORGANIZATION HAS ESTABLISHED A SERIES OF EVENTS AND PROGRAMS AND STRATTON ARCHIVES FOR THE BENEFIT OF THE PUBLIC AND, THROUGH GRANTS, FOR VARIOUS CHARITABLE CAUSES ENHANCING OPPORTUNITIES, HEALTH AND QUALITY OF LIFE FOR CHILDREN AND THEIR FAMILIES.",NA,NA,60,363857,324309,39548,451902,324309,61233,269363,26367,242996,73956,140691,NA
216,The Susan Sebastian Foundation Inc,2016,990PF,c/o Gilbert Myers Esq 53 Jensen Roa,Williston,NA,271476497,NA,NA,NA,NA,NA,NA,NA,NA,NA,NA,NA,NA,NA,NA,NA,NA,NA
217,TRIP DANCE COMPANY,2018,990EZ,112 SOUTH MAIN STREET BOX 208,STOWE,N/A,201894215,NA,NA,NA,NA,NA,NA,NA,NA,NA,NA,NA,NA,NA,28345,NA,NA,NA
218,NA,NA,NA,NA,NA,NA,NA,NA,NA,NA,NA,NA,NA,NA,NA,NA,NA,NA,NA,NA,NA,NA,NA,NA
219,THE CIRCUS BARN INC,2018,990,1 CIRCUS ROAD,GREENSBORO,WWW.SMIRKUS.ORG,237352665,1974,"THE MISSION OF CIRCUS SMIRKUS IS TO PROMOTE THE SKILLS, CULTURE AND TRADITIONS OF THE TRAVELING CIRCUS AND TO INSPIRE YOUTH TO ENGAGE IN LIFE ENHANCING ADVENTURES IN THE CIRCUS ARTS.",JENNIFER CARLO,115,1288,2504411,2506487,-2076,2624119,2506487,105450,4997218,2206270,2790948,1225560,485770,1944854
223,Trustees of the Wood Art Gallery,2017,990EZ,46 Barre Street,Montpelier,twwoodgallery.org,030190572,NA,NA,NA,NA,NA,NA,NA,NA,NA,NA,NA,NA,NA,145394,NA,NA,NA
225,VERMONT ACTORS' REPERTORY THEATRE,2018,990EZ,C/O CMORRISON 298 HOLDEN ROAD,CHITTENDEN,WWW.ACTORSREPVT.ORG,202147623,NA,NA,NA,NA,NA,NA,NA,NA,NA,NA,NA,NA,NA,-936,NA,NA,NA
230,VERMONT CONSERVATORY OF MUSIC,2019,990,PO BOX 84,ORWELL,NA,202809436,2006,"TO PROMOTE AND TO PROVIDE TO THE PUBLIC CLASSICAL MUSIC, PARTICULARLY OF AMERICAN COMPOSERS, AND TO PRESENT MUSICAL SEMINARS, INSTRUMENTAL TEACHING AND CONCERTS FOR THE CULTURAL AND EDUCATIONAL EDIFICATION OF THE PUBLIC.",DR KEVIN PARIZO,NA,NA,6507,50564,-44057,7549,50564,-45185,291698,3000,288698,46664,4100,NA
232,VERMONT COUNCIL ON THE ARTS INC,2018,990,136 STATE STREET,MONTPELIER,WWW.VERMONTARTSCOUNCIL.ORG,030218115,1964,NA,KAREN MITTELMAN,14,NA,1698032,1690767,7265,1794779,1690767,30427,1206830,411764,NA,776691,1780935,NA
234,VERMONT ETV INC,2018,990,10 EAST ALLEN ST NO 202,WINOOSKI,WWW.VERMONTPBS.ORG,222990644,1989,NA,HOLLY GROSCHNER,65,35,61248018,7415093,53832925,6918251,7415093,-1083846,NA,NA,NA,3650480,4045647,317889
236,Vermont Folklife Center,2018,990,88 Main Street,Middlebury,vermontfolklifecenter.org,222550951,1984,"Preserving the Folk Heritage of Vermont. The Organization preserves Vermont's folk heritage through a variety of programs including interviews, exhibits, archive management, workshops and publications.",Kathleen Haughey,15,42,527322,643674,-116352,732610,643674,76097,1561962,131400,1430562,385912,674708,51286
238,Vermont Granite Museum of Barre Inc,2019,990,PO Box 282,Barre,www.stoneartsschool.org,223402163,1995,"Located within an authentic turn-of-the-century granite manufacturing plant, the museum's mission is to create stimulating, interactive environments for learning about the geology, technology, history, and art of Vermont's unique granite heritage art, industry, capabilities and cultural heritage.",Paul Hutchins,NA,60,145117,257609,-112492,156529,257609,-126801,4564113,143134,4420979,83775,69062,14874
239,VERMONT JOURNALISM TRUST,2019,990,26 STATE STREET SUITE 8,MONTPELIER,VTDIGGER.ORG,271553931,2009,"THE MISSION OF VERMONT JOURNALISM TRUST AND VTDIGGER IS TO PRODUCE RIGOROUS JOURNALISM THAT EXPLAINS COMPLEX ISSUES, HOLDS THE GOVERNMENT ACCOUNTABLE TO THE PUBLIC, AND ENGAGES VERMONTERS IN THE DEMOCRATIC PROCESS.",ANNE GALLOWAY,41,17,1435909,1517128,-81219,2382783,1517128,281589,2412414,159378,2253036,1365795,1924072,454927
241,VERMONT MOZART FESTIVAL INC,2018,990EZ,1535 SPEAR STREET,SOUTH BURLINGTON,www.vermontmozartfestival.org,475265455,NA,NA,NA,NA,NA,NA,NA,NA,NA,NA,NA,NA,NA,NA,NA,NA,NA
242,THE VERMONT OPERA PROJECT CO,2018,990EZ,PO BOX 135,NORTH CLARENDON,WWW.VTOPERAPROJECT.COM,474217066,NA,NA,NA,NA,NA,NA,NA,NA,NA,NA,NA,NA,NA,8948,NA,NA,NA
244,Vermont Youth Orchestra Association Inc,2018,990,223 Ethan Allen Avenue,Colchester,www.vyo.org,036011271,1974,"The Vermont Youth Orchestra Association (""VYOA"") develops young people as artists, citizens, and leaders through the shared pursuit of musical excellence.",Rosina Cannizzaro,26,62,578770,683801,-105031,749470,683801,-100983,1877792,198488,1679304,422970,184396,459112
248,Waterbury Historical Society,2015,990EZ,PO Box 708,Waterbury,WATERBURYHISTORICALSOCOETY.ORG,030289348,NA,NA,NA,NA,NA,NA,NA,NA,NA,NA,NA,NA,NA,105996,NA,NA,NA
251,WOLF KAHN AND EMILY MASON FOUNDATION INC,2018,990PF,BOX 2314,W BRATTLEBORO,NA,134036532,NA,NA,NA,NA,NA,NA,NA,NA,NA,NA,NA,NA,NA,NA,NA,NA,NA
252,Woodstock Community TV,2018,990EZ,PO Box 243,Woodstock,wctv8.com,030367229,NA,NA,NA,NA,NA,NA,NA,NA,NA,NA,NA,NA,NA,59683,NA,NA,NA
254,YELLOW BARN INC,2018,990,63 MAIN STREET,PUTNEY,WWW.YELLOWBARN.ORG,030228985,1969,NA,SAM GREENOE,NA,NA,1469317,1493898,-24581,1897657,1493898,214902,1224646,958800,NA,123607,1145781,724476
261,NA,NA,NA,NA,NA,NA,061325368,NA,NA,NA,NA,NA,NA,NA,NA,NA,NA,NA,NA,NA,NA,NA,NA,NA
262,Alliance Francaise of the Lake Champlain Region,2018,990EZ,123 Ethan Allen Ave,Colchester,N/A,260776324,NA,NA,NA,NA,NA,NA,NA,NA,NA,NA,NA,NA,NA,66207,NA,NA,NA
264,NA,2018,NA,NA,Barnard,www.barnarts.org,NA,NA,NA,NA,NA,NA,NA,NA,NA,NA,NA,NA,NA,NA,8046,NA,NA,NA
265,BEHRE PIANO ASSOCIATES INC,2018,990,PO BOX 26 HAGGETT ROAD,ADAMANT,WWW.ADAMANT.ORG,136138603,1942,NA,FRANK SUCHOMEL,NA,NA,278489,353315,-74826,697860,353315,318925,1049084,53134,NA,117605,539990,138237
268,NA,2019,NA,7 CENTER STREET,BRANDON,www.brandonartistsguild.org,NA,NA,TO PROVIDE EDUCATION THROUGH THE ARTS IN THE COMMUNITY,NA,NA,50,24697,27503,-2806,28899,27503,-1640,190748,4270,186478,NA,4028,23188
270,BREAD &amp; PUPPET THEATRE INC,2018,990,753 HEIGHTS ROAD,GLOVER,N/A,237057230,1964,NA,BARBARA LEBER,68,25,670401,299089,371312,498722,299089,104310,952965,1232,951733,276951,232972,NA
272,Bristol Friends of the Arts Inc,2019,990EZ,25 Main Street,Bristol,N/A,030326386,NA,NA,NA,NA,NA,NA,NA,NA,NA,NA,NA,NA,NA,78658,NA,NA,NA
274,Burlington Chamber Orchestra Inc,2018,990EZ,PO Box 64983,Burlington,www.bcovt.org,743225462,NA,NA,NA,NA,NA,NA,NA,NA,NA,NA,NA,NA,NA,NA,NA,NA,NA
282,Dorset Theatre Festival,2018,990,PO Box 510,Dorset,dorsettheatrefestival.org,030267296,1980,"DTF's mission is to create bold, innovative, and authentic theatre that engages a diverse, multi-generational community, and economically diverse region: enlightening, entertaining, and inspiring our audience through the celebration of great plays.",Paul Carroccio,22,33,936706,953291,-16585,1197469,953291,205548,941785,220535,721250,322770,702930,414521
288,NA,2013,NA,NA,NA,http://www.faeriecampdestiny.org,NA,NA,NA,NA,NA,NA,NA,NA,NA,NA,NA,NA,NA,NA,258417,NA,NA,NA
289,FALLS AREA COMMUNITY TELEVISION INC,2018,990EZ,1 HOSPITAL COURT BOX 1,BELLOWS FALLS,N/A,043391357,NA,NA,NA,NA,NA,NA,NA,NA,NA,NA,NA,NA,NA,150402,NA,NA,NA
290,NA,2013,990,NA,NA,www.firstnightburlington.com,030287099,1982,Production of a substance free community arts event.,TOM AYRES,NA,200,281137,294215,-13078,274625,294215,-24919,116751,122215,-5464,85276,160311,112908
291,For The Vets Concert Corp,2017,990EZ,1129 Burr Pond Road,Brandon,Rgermond57gmail.com,821043854,NA,NA,NA,NA,NA,NA,NA,NA,NA,NA,NA,NA,NA,NA,NA,NA,NA
298,NA,NA,NA,NA,NA,NA,272488561,NA,NA,NA,NA,NA,NA,NA,NA,NA,NA,NA,NA,NA,NA,NA,NA,NA
300,GRASS ROOTS ART &amp; COMMUNITY EFFORT,2018,990EZ,PO BOX 960,HARDWICK,WWW.GRACEART.ORG,223133388,NA,NA,NA,NA,NA,NA,NA,NA,NA,NA,NA,NA,NA,56567,NA,NA,NA
303,GUILFORD PERFORMANCE LAB INC,2018,990,561 FITCH RD,GUILFORD,vermontperformancelab.org,452398900,2011,The mission is to support the development of new performance works and to connect creation and presentation of contemporary performance work with residents of the communities we serve in rural Southeastern Vermont.,Sara Coffey,NA,NA,105577,132968,-27391,23580,132968,-26678,7632,NA,7632,12749,12904,10000
304,HARDWICK COMMUNITY TELEVISION INC,2019,990EZ,PO BOX 736,HARDWICK,www.hctv.us,743038000,NA,NA,NA,NA,NA,NA,NA,NA,NA,NA,NA,NA,NA,87675,NA,NA,NA
308,Interplay Jazz &amp; Arts Inc,2018,990EZ,59 Draper Road,Hartland,www.interplayjazzandarts.org,453741605,NA,NA,NA,NA,NA,NA,NA,NA,NA,NA,NA,NA,NA,13825,NA,NA,NA
309,ISRAEL CENTER OF VERMONT,2014,990EZ,1795 WILLISTON RD NO 200,SOUTH BURLINGTON,WWW.ICVT.ORG,204545468,NA,NA,NA,NA,NA,NA,NA,NA,NA,NA,NA,NA,NA,5478,NA,NA,NA
310,NA,2013,990EZ,NA,NA,WWW.IZDAHAR.ORG,463428435,NA,NA,NA,NA,NA,NA,NA,NA,NA,NA,NA,NA,NA,5484,NA,NA,NA
312,KILLINGTON MUSIC FESTIVAL,2018,990,PO BOX 386,RUTLAND,www.killingtonmusicfestival.org,222536452,2009,Provides Music Education through a four week residency program and a summer subscription series of concerts open to the public.,MARIA FISH,NA,13,384861,340655,44206,286658,340655,-53977,152850,1276,151574,96069,138200,146233
315,MADSONIAN CORPORATION,2018,990,2 BROOK ROAD,WARREN,WWW.MADSONIAN.ORG,272538667,2010,SEE SCHEDULE O.,DAVID SELLERS,NA,NA,819573,20540,799033,954147,20540,929880,3035333,6839,3028494,NA,954147,NA
317,MANCHESTER MUSIC FESTIVAL INC,2018,990,PO BOX 33,MANCHESTER,WWW.MMFVT.ORG,222575753,1984,"MANCHESTER MUSIC FESTIVAL, INC. IS AN INDEPENDENT, NON-PROFIT ORGANIZATION, OFFERING WORLD-CLASS CHAMBER MUSIC CONCERTS, AN INTENSIVE SUMMER EDUCATIONAL PROGRAM FOR EXCEPTIONAL YOUNG CLASSICAL MUSICIANS AND OUTREACH AND EDUCATIONAL PROGRAMS DESIGNED TO ENHANCE AUDIENCE APPRECIATION FOR CLASSICAL MUSIC.",PEGGIE TELSCHER,NA,26,715966,440911,275055,421613,440911,-16310,1824218,29961,1794257,138064,241152,98757
319,NA,2013,990PF,NA,NA,N/A,846394253,NA,NA,NA,NA,NA,NA,NA,NA,NA,NA,NA,NA,NA,NA,NA,NA,NA
320,Middlebury Community TV,2019,990EZ,PO Box 785,Middlebury,N/A,030323402,NA,NA,NA,NA,NA,NA,NA,NA,NA,NA,NA,NA,NA,171484,NA,NA,NA
324,MOUNT MANSFIELD COMMUNITY TELEVISION,2019,990EZ,PO BOX 688,RICHMOND,NA,043360750,NA,NA,NA,NA,NA,NA,NA,NA,NA,NA,NA,NA,NA,185724,NA,NA,NA
325,NA,2013,990EZ,NA,NA,N/A,522146095,NA,NA,NA,NA,NA,NA,NA,NA,NA,NA,NA,NA,NA,22856,NA,NA,NA
326,New Music on the Point Inc,2018,990EZ,1361 Hooker Rd,Leicester,NA,475550050,NA,NA,NA,NA,NA,NA,NA,NA,NA,NA,NA,NA,NA,110761,NA,NA,NA
327,NORTHEAST ACCESS COMMITTEE,2019,990,PO BOX 710 374 MAIN ST,NEWPORT,NA,030337798,NA,PUBLIC ACCESS TELEVISION,BRIAN MCCRAE,NA,NA,189607,221463,-31856,207078,221463,-10741,184142,35613,148529,139833,1939,204823
330,NORTH EASTERN ANTHROPOLOGICAL,2018,990PF,45 STATE STREET,MONTPELIER,NA,222377666,NA,NA,NA,NA,NA,NA,NA,NA,NA,NA,NA,18199,NA,NA,NA,NA,NA
331,NORTHERN STAGE COMPANY,2018,990,76 GATES STREET,WHITE RIVER JUNCTION,WWW.NORTHERNSTAGE.ORG,043387268,1997,NA,IRENE GREEN,147,350,4306277,3628374,677903,4824124,3628374,-186190,9384036,864533,8519503,1386449,3348599,1347239
332,NORTHSHIRE PERFORMING ARTS LTD,2016,990EZ,PO BOX 8,DORSET,NORTHSHIREPERFORMINGARTS.COM,364562987,NA,NA,NA,NA,NA,NA,NA,NA,NA,NA,NA,NA,NA,NA,NA,NA,NA
333,Okemo Valley TV Corp,2018,990,37C Main Street,Ludlow,http://okemovalley.tv,030370616,2001,To provide the Okemo Valley Region with multi-media technology for the purposes of education and information.,Francis Devine,NA,NA,210425,203374,7051,225527,203374,22044,300659,5023,295636,133109,33450,190456
334,ONION RIVER COMMUNITY ACCESS MEDIA,2018,990,89 MAIN ST,MONTPELIER,WWW.ORCAMEDIA.NET,421611563,2003,PUBLIC ACCESS TV STATION,NA,25,NA,489060,463516,25544,415564,463516,-47451,435860,43034,392826,311965,805,419104
336,PEACHAM HISTORICAL ASSOCIATION,2014,990EZ,PO BOX 101,PEACHAM,WWW.PEACHAMHISTORICAL.ORG,043389268,NA,NA,NA,NA,NA,NA,NA,NA,NA,NA,NA,NA,NA,249029,NA,NA,NA
341,RIVER ARTS OF MORRISVILLE INC,2019,990,PO BOX 829,MORRISVILLE,WWW.RIVERARTSVT.ORG,030368569,2001,"River Arts mission is to enrich the community through the arts. We are committed to providing multi-disciplinary arts opportunities and making the arts accessible for everyone no matter their ability, age, or financial means. From visual media, writing &amp; poetry, dance, culinary arts, 3D, performance, music and fiber arts, River Arts offers a wide range of programs throughout the year for all ages. Were also a gathering place in our community for many private events: from artisanal markets and fish fries to family celebrations.",JOSEPH PENSAK,NA,59,275948,297457,-21509,330113,297457,3328,828225,62960,765265,163280,191272,91485
342,Rochester Chamber Music Society,2018,990EZ,PO Box 217,Rochester,www.rcmsvt.org,030360081,NA,NA,NA,NA,NA,NA,NA,NA,NA,NA,NA,NA,NA,26090,NA,NA,NA
344,RUTLAND AMATEUR HOCKEY ASSOCATION INC,2017,990EZ,PO BOX 455,RUTLAND,N/A,237178393,NA,NA,NA,NA,NA,NA,NA,NA,NA,NA,NA,NA,NA,136029,NA,NA,NA
346,ST ALBANS HISTORICAL SOCIETY INC,2018,990,PO BOX 722 CHURCH BISHOP ST,ST ALBANS,WWW.STAMUSEUM.COM,237154664,1972,NA,CHARLIE MOORE,NA,40,117786,152325,-34539,123193,152325,-32603,573143,17590,NA,56797,56947,4518
348,NA,2018,NA,NA,Sharon,www.sevenstarsarts.org,NA,NA,NA,NA,NA,NA,NA,NA,NA,NA,NA,NA,NA,NA,145836,NA,NA,NA
349,SHELBURNE MUSEUM INC,2018,990,US ROUTE 7 PO BOX 10,SHELBURNE,WWW.SHELBURNEMUSEUM.ORG,030179436,1947,"TO BROADEN OUR AUDIENCE, ENGAGE THEIR CURIOSITY, ANIMATE THEIR CREATIVITY, AND GIVE THEM AN EXTRAORDINARY, EDUCATIONAL MUSEUM EXPERIENCE.",BERENICE SARAFZADE,208,275,5282069,6774923,-1492854,8754143,6774923,1461159,46446767,1893248,44553519,4624370,5158503,946812
352,SOUTHERN VERMONT ARTS CENTER INC,2019,990,PO BOX 617,MANCHESTER,WWW.SVAC.ORG,030186501,1934,TO NURTURE AND PROMOTE THE ARTS,NA,21,NA,470790,998696,-527906,1022799,998696,-162117,9955388,2542,9952846,484243,410172,166711
353,ST JOHNSBURY ATHENAEUM INC,2018,990,1171 MAIN STREET,ST JOHNSBURY,WWW.STJATHENAEUM.ORG,030183005,1885,NA,ROBERT JOLY,15,NA,744054,660986,83068,735935,660986,-144507,7103734,70220,NA,302898,335039,14736
355,NA,NA,NA,NA,NA,NA,571192082,NA,NA,NA,NA,NA,NA,NA,NA,NA,NA,NA,NA,NA,NA,NA,NA,NA
357,Stowe Story Labs Inc,2018,990EZ,PO Box 513,Stowe,stowestorylabs.org,473208321,NA,NA,NA,NA,NA,NA,NA,NA,NA,NA,NA,NA,NA,33761,NA,NA,NA
358,TACONIC MUSIC INC,2018,990EZ,PO BOX 732,MANCHESTER CENTER,WWW.TACONICMUSIC.ORG,814291042,NA,NA,NA,NA,NA,NA,NA,NA,NA,NA,NA,NA,NA,50653,NA,NA,NA
359,NA,NA,NA,NA,NA,NA,043389775,NA,NA,NA,NA,NA,NA,NA,NA,NA,NA,NA,NA,NA,NA,NA,NA,NA
361,The Orton Family Foundation Inc,2018,990PF,120 Graham Way,Shelburne,NA,030346513,NA,NA,NA,NA,NA,NA,NA,NA,NA,NA,NA,NA,NA,NA,NA,NA,NA
364,Vermont Youth Ballet Inc,2018,990EZ,PO Box 8147,Essex,www.vermontballettheater.org,030371404,NA,NA,NA,NA,NA,NA,NA,NA,NA,NA,NA,NA,NA,-6037,NA,NA,NA
369,Vermont Marble Museum Inc,2018,990,PO Box 637,Proctor,vermontmarblemuseum.org,464612220,2013,"To curate, house and display the papers, records, tools, and artifacts of the historic Vermont Marble Company.",Robert H Young,12,NA,185529,216090,-30561,197600,216090,30166,109536,113200,-3664,48703,91560,35846
370,Vermont Performing Arts League,2019,990,294 North Winooski Ave,Burlington,N/A,030268765,2001,"The mission of Vermont Performing Arts League is to support and sustain a spirit of community among diverse peoples by fostering educational, cultural, social and recreational",April Werner,NA,75,224694,203467,21227,242005,203467,-25592,251,104302,-104051,48772,20455,221550
371,NA,2017,NA,NA,Montpelier,www.vermontphilharmonic.org,NA,NA,NA,NA,NA,NA,NA,NA,NA,NA,NA,NA,NA,NA,65076,NA,NA,NA
372,Vermont Shakespeare Festival Inc,2018,990EZ,PO Box 64733,Burlington,www.vermontshakespeare.org,432081695,NA,NA,NA,NA,NA,NA,NA,NA,NA,NA,NA,NA,NA,3326,NA,NA,NA
379,WOODSTOCK HISTORICAL SOCIETY INC,2015,990,26 ELM STREET,WOODSTOCK,WWW.WOODSTOCKHISTORICAL.ORG,036008872,1943,SHARING AND PRESERVING THE HISTORY OF WOODSTOCK THROUGH INSPIRING EDUCATIONAL EXPERIENCES AND DYNAMIC COLLECTIONS.,THOMAS HARTMAN,NA,40,639935,297865,342070,276230,297865,-41588,2949524,10568,2938956,173475,133766,14612
385,Astrea Media Inc,2018,990EZ,PO Box 198 Cannery Row,West Groton,www.astreamedia.org,043541400,NA,NA,NA,NA,NA,NA,NA,NA,NA,NA,NA,NA,NA,63551,NA,NA,NA
387,Bennington Museum Inc,2018,990,75 Main Street,Bennington,www.benningtonmuseum.org,030185292,1928,"The Bennington Museum collects, exhibits, and interprets the art, history, and culture of Vermont and northern New England. Our goal is to educate, delight, and inspire our local community, and visitors from across the nation and the world.",NA,20,117,1414668,1048459,366209,920659,1048459,-288777,3198802,108796,3090006,575053,625571,166832
389,NA,2019,NA,PO Box 1116,Brattleboro,www.brattleboroliteraryfestival.org,NA,NA,NA,NA,NA,NA,NA,NA,NA,NA,NA,NA,NA,NA,2740,NA,NA,NA
391,CENTRAL VERMONT CHAMBER MUSIC,2018,990EZ,219 KELSEY MOUNTAIN RAOD,RANDOLPH,N/A,133755957,NA,NA,NA,NA,NA,NA,NA,NA,NA,NA,NA,NA,NA,32008,NA,NA,NA
392,NA,2013,990EZ,NA,NA,N/A,222975148,NA,NA,NA,NA,NA,NA,NA,NA,NA,NA,NA,NA,NA,4252,NA,NA,NA
393,CHANDLER CENTER FOR THE ARTS INC,2018,990,71-73 MAIN STREET,RANDOLPH,CHANDLER-ARTS.ORG,030266500,2002,"TO STRENGTHEN AND ENERGIZE OUR COMMUNITY, TO DEEPEN THE CULTURAL AND ARTISTIC GROWTH OF YOUTH, TO OFFER OPPORTUNITIES FOR PEOPLE TO COME TOGETHER IN CELEBRATION OF THE ARTS, TO INSPIRE AND CULTIVATE ARTISTIC EXPRESSION AND EDUCATION IN THE PERFORMING AND VISUAL ARTS FOR PEOPLE OF ALL AGES AND INCOMES.",RON WOLD,14,240,456015,550678,-94663,604524,550678,-116498,3156276,295102,2861174,128479,195309,382422
394,Chittenden Community Television,2018,990,294 No Winoski Avenue 210/211,Burlington,www.cctv.org,222582888,1985,"To be a trusted source of community based channels, tools and training that helps citizens and organizations expand their reach and impact.",Lauren-Glenn Davitian,24,50,866726,850767,15959,737223,850767,55533,363711,13501,350210,529185,630624,106023
401,CORVETTE CLUB OF VERMONT INC,2019,990EZ,27 SILVER CIRCLE,BARRE,CORVETTEVERMONT.COM,030298453,NA,NA,NA,NA,NA,NA,NA,NA,NA,NA,NA,NA,NA,40242,NA,NA,NA
410,FAIRBANKS MUSEUM &amp; PLANETARIUM,2018,990,1302 MAIN STREET,ST JOHNSBURY,WWW.FAIRBANKSMUSEUM.COM,030184732,1889,NA,ADAM KANE,22,NA,1625773,1401032,224741,1309894,1401032,33169,4488621,161662,NA,828872,842564,368486
411,Flow of History Inc,2018,990EZ,729 Union Village Road,Norwich,flowofhistory.org,800119592,NA,NA,NA,NA,NA,NA,NA,NA,NA,NA,NA,NA,NA,37802,NA,NA,NA
419,HELEN DAY ART CENTER INC,2018,990,PO BOX 411,STOWE,WWW.HELENDAY.COM,030284825,1982,"THE HELEN DAY ART CENTER IS A MEMBER SUPPORTED, COMMUNITY ARTS AND EDUCATION NON-PROFIT ORGANIZATION, WHOSE MISSION IS TO ENHANCE THE HUMAN EXPERIENCE THROUGH THE VISUAL ARTS.",DIANE ARNOLD,15,NA,440810,421318,19492,448177,421318,8214,230403,19007,211396,259140,280177,126593
420,NA,2014,NA,NA,North Ferrisburgh,NA,NA,NA,NA,NA,NA,NA,NA,NA,NA,NA,NA,NA,NA,NA,20943,NA,NA,NA
423,VSA VERMONT INC,2017,990,21 CARMICHAEL STREET SUITE 206,ESSEX JUNCTION,WWW.VSAVT.ORG,030307529,1986,VSA VERMONT USES THE MAGIC OF THE ARTS TO ENGAGE THE CAPABILITIES AND ENHANCE THE CONFIDENCE OF CHILDREN AND ADULTS WITH DISABILITIES.,KATIE MILLER AS OF DEC 2018,39,25,471426,409710,61716,343564,409710,-16881,387413,19432,367981,281580,306064,37026
424,NA,NA,NA,NA,NA,NA,204007715,NA,NA,NA,NA,NA,NA,NA,NA,NA,NA,NA,NA,NA,NA,NA,NA,NA
426,NA,2013,990PF,NA,NA,NA,912169843,NA,NA,NA,NA,NA,NA,NA,NA,NA,NA,NA,NA,NA,NA,NA,NA,NA
428,KINGDOM COUNTY PRODUCTIONS INC,2018,990,949 SOMERS ROAD,BARNET,KINGDOMCOUNTY.ORG,030328686,1991,"TO PROVIDE ARTS EDUCATION, MEDIA PRODUCTION AND DISTRIBUTION, AND FILM AND PERFORMING ARTS PRESENTATIONS.",ELIZABETH O'BRIEN,NA,NA,434903,402004,32899,468065,402004,8095,329805,NA,329805,92383,413542,51888
429,League of Vermont Writers,2018,990EZ,PO Box 5046,Burlington,NA,036017069,NA,NA,NA,NA,NA,NA,NA,NA,NA,NA,NA,NA,NA,13975,NA,NA,NA
430,LEAHY CENTER FOR LAKE,2018,990,1 COLLEGE STREET,BURLINGTON,WWW.ECHOVERMONT.ORG,030347288,1994,NA,DR PHELAN FRETZ,56,275,4186122,3464446,721676,4044456,3464446,520122,16775132,392528,NA,1950654,2362419,1015869
432,MAD RIVER VALLEY TELEVISION INC,2018,990EZ,PO BOX 1275,WAITSFIELD,mrvtv.com,030357623,NA,NA,NA,NA,NA,NA,NA,NA,NA,NA,NA,NA,NA,160394,NA,NA,NA
436,MIDDLEBURY COMMUNITY MUSIC CENTER,2018,990,6 MAIN STREET,MIDDLEBURY,WWW.MCMCVT.ORG,471178640,2014,NA,SADIE BRIGHTMAN,26,NA,503962,510589,-6627,531076,510589,36050,223373,27134,196239,397455,104275,418859
438,MILTON ARTISTS GUILD INC,2019,990EZ,PO BOX 369,MILTON,miltonartistsguild.org,800379539,NA,NA,NA,NA,NA,NA,NA,NA,NA,NA,NA,NA,NA,53462,NA,NA,NA
442,MUSIC CAMPS NORTH INC,2018,990EZ,PO BOX 674,PUTNEY,HTTP://MUSICCAMPSNORTH.COM,813425061,NA,NA,NA,NA,NA,NA,NA,NA,NA,NA,NA,NA,NA,34831,NA,NA,NA
447,NEXT STAGE ARTS PROJECT INCORPORATED,2019,990,PO BOX 251,PUTNEY,WWW.NEXTSTAGEARTS.ORG,452157212,NA,"Next Stage Arts Project is a non-profit organization dedicated to helping art happenthrough the programming, development and operation of the Next Stage theater, a newly renovated performing arts facility in Putney, Vermont. We celebrate the diversity of artistic expression by fostering a collaborative environment for audiences, performers, and community based arts and educational organizations, and we are committed to enhancing the village of Putney as a cultural center.",JIM JOHNSON,NA,53,220942,301496,-80554,253813,301496,-47715,1369569,42113,1327456,123194,135139,94592
449,Northeast Kingdom Arts Council Inc,2018,990,PO Box 476,Hardwick,www.hardwicktownhouse.org,030371888,2001,The mission of the Northeast Kingdom Arts Council is to preserve the historic Hardwick Town House while making it a dynamic center of arts and culture for the region through educational and entertaining programming,Tess Martin,NA,30,51014,49696,1318,18981,49696,1970,71162,NA,71162,NA,2305,5864
450,Northeast Organic Farming Association of Vermont Inc,2018,990,PO Box 697,Richmond,www.nofavt.org,223260420,1971,"Northeast Organic Farming Association of Vermont works with farmers, gardeners and consumers to promote an economically viable and ecologically sound Vermont food system. Our vision consists of small farms and agriculturally based businesses",Andrew Knafel,27,165,2537876,2470499,67377,2563947,2470499,19821,3735587,264222,3471365,1195170,1220201,1100587
452,OLDCASTLE PRODUCTIONS INC,2019,990,PO BOX 1555,BENNINGTON,OLDCASTLETHEATRE.ORG,237288883,1973,NA,THOMAS LENKOWSKI,38,50,570987,391535,179452,424219,391535,48989,434288,NA,NA,221615,313567,92674
453,OPERA THEATRE OF WESTON INC,2014,990EZ,100 DALE ROAD,WESTON,N/A,030366317,NA,NA,NA,NA,NA,NA,NA,NA,NA,NA,NA,NA,NA,30891,NA,NA,NA
454,ORLEANS COUNTY HISTORICAL SOCIETY,2018,990,109 OLD STONE HOUSE ROAD,BROWNINGTON,WWW.OLDSTONEHOUSEMUSEUM.ORG,036010727,1916,"THE MISSION OF THE ORLEANS COUNTY HISTORICAL SOCIETY IS TO SHARE OUR UNIQUE HISTORY THROUGH PRESERVATION, EDUCATION, AND INSPIRATION.",MOLLEY VEYSEY,NA,60,529539,447826,81713,508844,447826,-50219,2575933,212371,2363562,91830,137530,100361
456,Preservation Trust of Vermont Inc,2018,990,104 Church Street,Burlington,www.ptvermont.org,030281195,1980,"To initiate, stimulate, and assist local and statewide efforts to preserve and use Vermont's rich collection of historic, architectural, cultural, and community resources.",Elizabeth M Gamache,NA,30,1881352,1701557,179795,1869734,1701557,-385419,9046034,298502,8747532,416526,1556511,73686
459,PURPLE CRAYON PRODUCTIONS INC,2018,990PF,C/O RICHARD BACCARI PO BOX 1014,YORKTOWN HEIGHTS,NA,550886480,NA,NA,NA,NA,NA,NA,NA,NA,NA,NA,NA,NA,NA,NA,NA,NA,NA
462,NA,NA,NA,NA,NA,NA,830483990,NA,NA,NA,NA,NA,NA,NA,NA,NA,NA,NA,NA,NA,NA,NA,NA,NA
464,River Gallery School Inc,2019,990,32 Main Street,Brattleboro,www.rivergalleryschool.org,030282269,1976,Art education,William Penniman,23,125,397229,398521,-1292,434562,398521,7134,123937,31827,92110,226616,197930,232867
468,Safer Society Foundation Inc,2019,990,P O Box 340,Brandon,NA,030347466,1995,To help build a society safe from sexual abuse and personal violence and minimize the harmful impact of parental incarceration on children and families.,Carmelita Brown,NA,NA,318898,366346,-47448,316167,366346,-21544,165637,128313,37324,200565,24017,NA
471,Shires Media Partnership Inc,2016,990EZ,407 Harwood Hill,Bennington,www.wbtnam.org,371568268,NA,NA,NA,NA,NA,NA,NA,NA,NA,NA,NA,NA,NA,33861,NA,NA,NA
472,SPRINGFIELD AREA PUBLIC ACCESS,2019,990,303 SOUTH STREET,SPRINGFIELD,WWW.SAPATV.ORG,030358977,NA,PROVIDE PUBLIC ACCESS TELEVISION,JARED R GUNNELL,NA,20,207212,221034,-13822,205866,221034,-16784,360720,23500,337220,165644,591,204678
474,NA,NA,NA,NA,NA,NA,222582956,NA,NA,NA,NA,NA,NA,NA,NA,NA,NA,NA,NA,NA,NA,NA,NA,NA
475,SPRUCE PEAK ARTS CENTER FOUNDATION INC,2017,990,7320 MOUNTAIN ROAD,STOWE,WWW.SPRUCEPEAKARTS.ORG,900146728,2004,NA,HOPE SULLIVAN,16,42,1040507,1215920,-175413,1216952,1215920,-136529,6764343,71184,NA,429932,745268,471632
478,STOWE VOLUNTEER FIREFIGHTERS INC,2019,990EZ,PO BOX 1132,STOWE,N/A,030324655,NA,NA,NA,NA,NA,NA,NA,NA,NA,NA,NA,NA,NA,89542,NA,NA,NA
480,Studio Place Arts Inc,2018,990,201 North Main Street,Barre,www.studioplacearts.com,030357848,1998,The mission of SPA is to provide the general public with a vital center for the visual arts through: (1) Mounting original exhibits; (2) Teaching a broad spectrum of visual arts and crafts; (3) Creating opportunities for people to see and interact with working artists (4) Renting studios to working artists at reasonable rates.,Darryl Garland,NA,25,125976,115687,10289,92458,115687,-32189,540235,293793,246442,63469,64804,24628
486,TOWN HALL THEATER INC,2019,990,PO BOX 128,MIDDLEBURY,WWW.TOWNHALLTHEATER.ORG,030358794,1998,"COMMUNITY THEATER IN THE HISTORIC MIDDLEBURY TOWN HALL. THE TOWN HALL THEATER PROUDLY PRESENTS OVER 150 EVENTS PER YEAR AND OFFERS PERFORMING ARTS CLASSES AND IN-SCHOOL RESIDENCIES. THE WIDE VARIETY OF OFFERINGS INCLUDE OPERA, THEATER, FILM, LIVE MUSIC AND COMEDY. THE JACKSON GALLERY FEATURES ROTATING EXHIBITS FROM SOME OF VERMONT'S FINEST ARTISTS.",BENJAMIN DEPPMAN,25,170,1526398,991913,534485,892098,991913,-36544,6054384,524410,5529974,433342,433031,253541
487,VERMONT CENTER FOR PHOTOGRAPHY,2018,990EZ,49 FLAT STREET,BRATTLEBORO,WWW.VCPHOTO.ORG,562376766,NA,NA,NA,NA,NA,NA,NA,NA,NA,NA,NA,NA,NA,12135,NA,NA,NA
490,Vermont Community Access Media Inc,2019,990,208 Flynn Avenue,Burlington,www.vermontcam.org,460469007,2001,"VCAM's mission is to promote free speech, civic engagement, government transparency and public dialogue by enabling easy access to the expanding world of media.",Seth Mobley,11,75,808586,784147,24439,765736,784147,79190,2113444,71989,2041455,402361,746643,7161
491,VERMONT HISTORICAL SOCIETY,2018,990,60 WASHINGTON STREET,BARRE,WWW.VERMONTHISTORY.ORG,030179602,1838,"THE VERMONT HISTORICAL SOCIETY ENGAGES BOTH VERMONTERS AND ""VERMONTERS-AT- HEART"" ON THE EXPLORATION OF OUR STATE'S RICH HERITAGE. OUR PURPOSE IS TO REACH A BROAD AUDIENCE THROUGH OUR OUTSTANDING COLLECTIONS, STATEWIDE OUTREACH, AND DYNAMIC PROGRAMMING. WE BELIEVE THAT AN UNDERSTANDING OF THE PAST CHANGES LIVES AND BUILDS BETTER COMMUNITIES.",STEPHEN PERKINS,19,120,3120791,1865100,1255691,1858406,1865100,-263524,9741958,1355168,8386790,1073380,1528187,44920
496,Vermont Symphony Orchestra Association Inc,2018,990,2 Church Street,Burlington,www.vso.org,030222134,1938,NA,NA,143,292,1508828,1500020,8808,1825104,1500020,205121,5149301,467982,NA,846418,945846,488511
499,Weston Community Association Inc,2018,990,PO Box 126,Weston,N/A,036007735,1922,"Purposes of the Association are non-profit, charitable and educational for its membership, the residents of Weston, and the general public by promoting civic and social activities through the maintenance and operation of a community center, theater, restaurant, museums and historical buildings; and through the maintenance of Cold Spring Brook Memorial Park; all for the benefit of its membership, residents of Weston, guests and general public, and all other purposes permissible under its Charter and the Internal Revenue Code.",David A Raymond,NA,19,172308,243149,-70841,214074,243149,55267,1644659,28745,1615914,NA,65749,84299
500,NA,NA,NA,NA,NA,NA,201571658,NA,NA,NA,NA,NA,NA,NA,NA,NA,NA,NA,NA,NA,NA,NA,NA,NA
502,NA,2018,NA,PO BOX 6243,RUTLAND,WWW.WONDERFEETKIDSMUSEUM.ORG,NA,NA,"WONDERFEET KIDS MUSEUM FOSTERS CURIOSITY AND EXPLORATION, INSPIRES CREATIVITY AND IGNITES THE IMAGINATION OF EVERY CHILD THROUGH THE POWER OF PLAY.",DANIELLE MONROE,12,10,250404,207860,42544,188887,207860,-45852,114489,4470,110019,154628,92566,55810
504,1761 Arts Inc,2018,990,316 Old Mill Road,East Arlington,1761arts.org,821117858,2017,The organizations mission is to foster collaborations on both the individual and organizational levels with the purpose of developing revolutionary ideas in the arts and humanities. These initiatives are coupled with youth education and mentorship.,Joshua Sherman President,NA,NA,137900,23671,114229,91434,23671,-10322,539530,435623,103907,NA,60639,24589
505,AIM4HAITI CORPORATION,2019,990,2 ACORN CIRCLE,ESSEX JUNCTION,WWW.AIM4HAITI.COM,820862992,2017,"Partnering with local Haitian community leaders and financially supporting self sustaining projects such as planting trees to provide food for community members. In addition to supporting a malnutrition program in rural clinic, building new home, providing families with goats and chickens and community food distribution during crisis.",GILLIAM COMPO,NA,NA,2500,2500,NA,3000,2500,NA,NA,NA,NA,NA,3000,NA
509,BARRE OPERA HOUSE INC,2016,990,PO BOX 583,BARRE,N/A,030270440,1982,PERFORMING ARTS CENTER,BILL KOCH,NA,174,472261,444906,27355,459655,444906,5559,649864,21119,628745,158361,73035,355910
510,NA,NA,NA,NA,NA,NA,200941504,NA,NA,NA,NA,NA,NA,NA,NA,NA,NA,NA,NA,NA,NA,NA,NA,NA
512,BENNINGTON COUNTY CHILD CARE ASSOCIATES,2019,990,PO BOX 565,BENNINGTON,N/A,030307784,2008,TRAINING FOR EARLY CHILD CARE,NA,NA,NA,27273,30785,-3512,7403,30785,229,-3283,NA,-3283,NA,7403,NA
514,Better Bennington Corporation,2017,990EZ,215 South Street,Bennington,www.betterbennington.com,030280939,NA,NA,NA,NA,NA,NA,NA,NA,NA,NA,NA,NA,NA,-8281,NA,NA,NA
516,NA,2016,NA,NA,Montpelier,brightbluemedia.org,NA,NA,NA,NA,NA,NA,NA,NA,NA,NA,NA,NA,NA,NA,1526,NA,NA,NA
519,COMMUNITY ACCESS TELEVISION INC,2019,990,85 N MAIN STREET NO 142,WHITE RIVER JCT,WWW.CATV8.ORG,223205843,1993,NA,PEGGY ALLEN,27,NA,476300,427259,49041,510138,427259,86703,517715,8920,508795,264179,22609,487055
520,NA,2013,990EZ,NA,NA,N/A,030362377,NA,NA,NA,NA,NA,NA,NA,NA,NA,NA,NA,NA,NA,3563,NA,NA,NA
521,CENTRAL VERMONT COMMUNITY TELEVISIO,2019,990,386 NORTH MAIN STREET,BARRE,N/A,030346298,1995,THE PRIMARY MISSION IS TO PRODUCE AND CABLECAST COVERAGE OF MUNICIPAL AND GOVERNMENT PROCEEDINGS AND SUPPORT AND PROMOTE PROGRAMS OF LOCAL INTEREST WHICH HAVE BEEN PRODUCED BY MEMBERS OF THE COMMUNITY.,TONY CAMPOS,NA,NA,313518,302044,11474,312602,302044,-15273,182849,NA,182849,NA,273340,38276
540,FRIENDS OF THE BRATTLEBORO MUSIC,2018,990,72 BLANCHE MOYSE WAY,BRATTLEBORO,WWW.BMCVT.ORG,036009983,1952,"THE MISSION OF THE FRIENDS OF THE BRATTLEBORO MUSIC CENTER, INC. IS TO FOSTER THE JOY AND UNDERSTANDING OF MUSIC.",JOE MADISON,NA,80,1294907,922718,372189,1091182,922718,113337,6040295,41599,5998696,198468,694233,355155
543,FRIENDS OF THE OPERA HOUSE AT,2019,990EZ,PO BOX 1250,ENOSBURG FALLS,N/A,030353647,NA,NA,NA,NA,NA,NA,NA,NA,NA,NA,NA,NA,NA,30957,NA,NA,NA
546,Gallery at the Vault Incorporated,2017,990EZ,68 Main Street,Springfield,N/A,030370671,NA,NA,NA,NA,NA,NA,NA,NA,NA,NA,NA,NA,NA,24227,NA,NA,NA
547,George W Mergens Foundation,2017,990PF,PO Box 633,Milton,NA,030345055,NA,NA,NA,NA,NA,NA,NA,NA,NA,NA,NA,NA,NA,NA,NA,NA,NA
550,NA,NA,NA,NA,NA,NA,550852434,NA,NA,NA,NA,NA,NA,NA,NA,NA,NA,NA,NA,NA,NA,NA,NA,NA
551,GRACE Cares Inc,2019,990,773 Guilford Street,Brattleboro,NA,542081309,2002,"Our Mission is to empower communities to foster, preserve, and share their indigenous cultures and traditions. This is accomplished by building healthy, educated, productive communities. GRACE Cares provides expertise, funding, and support for health, education, cultural preservation, and economic development projects.",NA,NA,NA,129520,131779,-2259,94566,131779,-7432,28952,NA,28952,NA,69714,NA
554,GREEN MOUNTAIN CULTURAL CENTER INC,2014,990,PO BOX 1362,WAITSFIELD,N/A,030320994,1989,"THE PRIMARY PURPOSE OF THE ORGANIZATION IS TO PROMOTE THE VISUAL AND PERFORMING ARTS EXPERIENCE FOR THE GENERAL PUBLIC IN THE FORMS OF AN OPERA FESTIVAL, PHOTOGRAPHY SHOW AND ART SHOW.",WENDY BRAUER,NA,NA,275828,289116,-13288,192813,289116,-49232,40809,869,39940,NA,106342,59157
559,HISTORIC WINDSOR INC,2018,990,PO BOX 1777,WINDSOR,WWW.PRESERVATIONWORKS.ORG,237193230,1971,NA,JUDY HAYWARD,NA,NA,83373,98414,-15041,105157,98414,7433,248691,55426,193265,54936,28311,69824
562,INSIGHT PRODUCTIONS INC,2018,990EZ,PO BOX 96,MARLBORO,N/A,043392078,NA,NA,NA,NA,NA,NA,NA,NA,NA,NA,NA,NA,NA,49520,NA,NA,NA
565,Kingdom Access Television,2019,990,515 Bay Street Suite 202,Saint Johnsbury,N/A,030340233,1994,"Our mission is to encourage, create and support community based programming and media by and for the communities we serve, promoting free speech and deomcracy concepts from area individuals and institutions through a non-profit, non- editorialized vision - to remain free of advertising, political and other influences.",Jamie Dimick,14,NA,NA,NA,NA,269697,NA,28551,251682,6133,245549,148276,244605,NA
569,LYRIC THEATRE COMPANY,2018,990,PO BOX 1688,WILLISTON,WWW.LYRICTHEATREVT.ORG,237349046,1973,"THE MISSION OF LYRIC THEATRE COMPANY IS TO PRODUCE MUSICALS AND DRAMATIC PERFORMANCES OF PROFESSIONAL QUALITY FOR NORTHERN NEW ENGLAND. WE OFFER BOTH MEMBERS AND THE PUBLIC OPPORTUNITIES FOR LEARNING AND GROWTH BY VOLUNTEERING WITHIN THE LYRIC ORGANIZATION. AS A COMMUNITY THEATRE, WE ARE COMMITTED TO KEEPING OUR PROGRAMS AFFORDABLE, OFFERING EDUCATIONAL AND THEATRICAL ACTIVITIES, SHARING RESOURCES AND WORKING COOPERATIVELY WITH OTHER COMMUNITY GROUPS.",ERIN EVARTS,NA,358,460498,488241,-27743,936763,488241,339291,2326083,329347,1996736,101381,453172,506538
575,MOONBOX PRODUCTIONS INC,2018,990,C/O DINSE KNAPP MCANDREW209BATTERY,BURLINGTON,MOONBOXPRODUCTIONS.ORG,453114466,2011,"MOONBOX PRODUCTIONS IS DEDICATED TO SUPPORTING LOCAL ARTS AND LOCAL ARTISTS, AND TO CONNECTING COMMUNITIES TO THE NON-PROFIT ORGANIZATIONS THAT SERVE THEM.",SHARMAN BALTSHULER,111,NA,496702,446731,49971,601665,446731,10002,478815,30233,448582,175476,505147,96518
578,NEW ENGLAND CENTER FOR CIRCUS ARTS INC,2019,990,10 TOWN CRIER DRIVE,BRATTLEBORO,NECENTERFORCIRCUSARTS.ORG,260495118,2007,"TO CREATE A SCHOOL, FACILITY AND COMMUNITY WHERE CIRCUS ARTS ARE AVAILABLE TO THE GENERAL PUBLIC AND TO INSPIRE STUDENTS OF ALL SKILL LEVELS, AGES, ABILITIES, AND ASPIRATIONS.",ELIZABETH WOHL,66,60,1198334,1217992,-19658,1218011,1217992,-15462,2399435,1577991,821444,796056,112745,1104775
579,Northeast Addison Television Inc,2019,990EZ,25B Main Street,Bristol,www.neatbristol.com,010621878,NA,NA,NA,NA,NA,NA,NA,NA,NA,NA,NA,NA,NA,110999,NA,NA,NA
585,OLD DOG DOCUMENTARIES INC,2018,990EZ,16 CHURCH STREET,WOODSTOCK,WWW.OLDDOGDOCUMENTARIES.COM,261684638,NA,NA,NA,NA,NA,NA,NA,NA,NA,NA,NA,NA,NA,30512,NA,NA,NA
592,NA,NA,NA,NA,NA,NA,030212900,NA,NA,NA,NA,NA,NA,NA,NA,NA,NA,NA,NA,NA,NA,NA,NA,NA
593,RUTLAND REGION COMMUNITY TELEVISION,2019,990,1 SCALE AVE 108 BLDG 24,RUTLAND,WWW.PEGTV.COM,030343449,1993,TO SUPPORT AND PROMOTE PROGRAMS BY INDEPENDENT PRODUCERS IN THE RUTLAND REGION FOR EDUCATION GOVERNMENTAL AND PUBLIC ACCESS,NA,16,151,905762,820665,85097,913861,820665,138295,2783799,51085,2732714,474601,NA,882823
601,STARBASE VERMONT INCORPORATED,2018,990EZ,62 NCO DRIVE,SOUTH BURLINGTON,WWW.STARBASEVT.ORG,030357350,NA,NA,NA,NA,NA,NA,NA,NA,NA,NA,NA,NA,NA,61534,NA,NA,NA
604,THE FB STEARNS SUPPORTING ORGANIZATION,2018,990EZ,978 DURGIN HILL ROAD,VERSHIRE,N/A,347108261,NA,NA,NA,NA,NA,NA,NA,NA,NA,NA,NA,NA,NA,NA,NA,NA,NA
605,THE VALLEY PLAYERS INC,2018,990EZ,PO BOX 441,WAITSFIELD,WWW.VALLEYPLAYERS.COM,030278673,NA,NA,NA,NA,NA,NA,NA,NA,NA,NA,NA,NA,NA,96798,NA,NA,NA
614,Vermont Museum of Natural History Inc,2018,990EZ,7599 Vermont Route 9,West Marlboro,www.vermontmuseum.org,030353083,NA,NA,NA,NA,NA,NA,NA,NA,NA,NA,NA,NA,NA,325156,NA,NA,NA
616,Vermont Public Radio,2018,990,365 Troy Avenue,Colchester,VPR.NET,030259051,1975,"Listener-supported Vermont Public Radio has been serving the people of Vermont and the surrounding region since 1977. As Vermonts only statewide public radio network, VPR provides an essential and trusted independent voice for news, information, music and cultural exploration for the people of our region. Our purpose is to inspire an informed public and an engaged community.",NA,101,45,12116470,10086793,2029677,10881705,10086793,595439,30152050,447935,29704115,5185521,7119399,2538047
618,Vermont Stage Company,2018,990,110 Main Street,Burlington,www.vermontstage.org,030342411,1994,"To create theatre that makes our community a better place by producing plays that show us that what we have in common is more powerful than what separates us, providing a supportive professional environment in which theatre artists are inspired to perform their best work, enhancing the cultural and commercial vitality of our community, and encouraging the development of Vermont audiences and their love of theatre.",Cristina Alicea,NA,87,528931,494474,34457,521150,494474,23163,211436,67727,143709,106202,231422,274037
622,VERY MERRY THEATRE,2019,990,77 POMEROY STREET,BURLINGTON,WWW.VERYMERRYTHEATRE.ORG,043608726,2002,NA,DONALD WRIGHT,52,NA,257924,235551,22373,269623,235551,-48,38119,3097,35022,167829,56732,193169
626,Woodstock Community Trust Inc,2019,990,PO Box 802,Woodstock,www.woodstockcommunitytrust.com,030357761,1997,"The Woodstock Community Trust provides community-centered solutions for housing, commercial spaces, and preservation of agricultural land and natural areas while working toward a sustainable economic and enviromental future for Woodstock and it's citizens.",Maggie Fink,NA,NA,52700,19227,33473,520485,19227,474227,522620,14920,507700,NA,518385,2100
627,Yestermorrow Inc,2019,990,7865 Main Street,Waitsfield,www.yestermorrow.org,030278594,1980,"Yestermorrow Design/Build School inspires people to create a better, more sustainable world by providing hands-on education that integrates design and craft as a creative, interactive process.",John Connell,24,NA,1082281,1120576,-38295,1199752,1120576,85414,1410252,174837,1235415,653274,223826,902483
NA,NA,NA,NA,NA,NA,NA,NA,NA,NA,NA,NA,NA,NA,NA,NA,NA,NA,NA,NA,NA,NA,NA,NA,NA
